customer_id,last_purchase_date,total_purchases,avg_order_value,frequency,monetary_value,customer_service_calls,customer_segment,product_category,churned
1,2024-04-21,3,137.59,49,3503.52,1,Standard,Electronics,0
2,2024-12-23,33,79.82,47,3672.01,8,Standard,Clothing,0
3,2024-10-06,6,117.65,20,4322.29,9,Premium,Home & Garden,0
4,2024-04-25,50,108.79,18,1442.95,1,Basic,Clothing,0
5,2024-03-21,10,34.67,18,4054.65,5,Basic,Clothing,0
6,2024-07-16,5,92.59,2,1056.68,0,Standard,Books,0
7,2024-01-30,23,59.7,4,1792.18,2,Basic,Home & Garden,0
8,2024-04-21,10,95.31,30,1744.49,1,Basic,Clothing,0
9,2024-05-10,44,56.64,33,4894.77,2,Standard,Clothing,0
10,2024-08-11,2,171.28,36,4297.03,4,Basic,Clothing,0
11,2024-12-05,13,51.35,18,3535.73,9,Standard,Electronics,0
12,2024-04-06,40,192.94,37,3662.58,5,Premium,Clothing,0
13,2024-04-18,2,94.86,19,2854.16,8,Standard,Books,1
14,2025-01-03,84,172.32,47,4740.74,9,Premium,Home & Garden,0
15,2024-06-09,65,133.18,28,2531.67,3,Premium,Home & Garden,0
16,2024-05-19,63,152.36,40,1964.54,6,Basic,Clothing,0
17,2024-06-07,73,158.19,20,898.87,5,Basic,Clothing,0
18,2024-11-13,17,110.87,49,3952.41,1,Basic,Clothing,0
19,2024-09-23,9,117.79,33,3698.78,9,Standard,Home & Garden,0
20,2024-12-18,75,112.52,12,1983.34,7,Basic,Home & Garden,0
21,2024-10-29,15,125.85,51,223.45,6,Premium,Electronics,0
22,2024-07-19,24,25.29,15,4211.09,6,Basic,Books,0
23,2024-10-12,38,91.19,41,155.95,7,Basic,Electronics,0
24,2024-06-18,35,129.11,39,3548.13,0,Standard,Books,0
25,2024-11-18,94,127.59,2,4854.26,0,Standard,Electronics,0
26,2024-01-31,95,162.73,29,2244.54,7,Premium,Home & Garden,1
27,2024-09-18,49,137.9,41,1251.37,3,Standard,Electronics,0
28,2024-09-01,69,198.58,10,3553.87,4,Basic,Books,0
29,2024-12-19,62,71.09,2,4103.93,7,Standard,Clothing,0
30,2024-02-27,60,84.65,51,2777.51,4,Premium,Books,0
31,2024-03-08,50,89.09,11,4838.47,9,Basic,Clothing,1
32,2024-06-27,78,103.85,13,353.18,3,Premium,Home & Garden,0
33,2024-07-15,75,170.48,10,2573.5,5,Standard,Books,0
34,2024-10-06,9,62.44,14,3620.42,4,Standard,Electronics,0
35,2024-07-17,34,159.68,18,4326.94,6,Premium,Books,0
36,2024-07-02,76,92.96,51,978.35,9,Basic,Clothing,0
37,2024-02-29,99,128.33,9,4020.02,6,Standard,Home & Garden,1
38,2025-01-07,35,133.86,39,2808.26,3,Standard,Electronics,0
39,2024-03-04,1,87.11,28,2043.11,4,Basic,Books,0
40,2024-09-09,40,112.27,3,745.4,2,Standard,Clothing,0
41,2024-11-24,64,94.35,20,4339.95,3,Premium,Electronics,0
42,2024-05-19,22,32.44,6,870.64,3,Standard,Home & Garden,0
43,2024-11-11,60,98.69,27,1617.96,2,Standard,Electronics,0
44,2024-05-23,64,37.53,2,1521.22,9,Basic,Home & Garden,1
45,2024-01-30,93,92.9,29,4369.93,4,Premium,Electronics,0
46,2024-12-03,72,126.73,38,3396.24,4,Basic,Books,0
47,2024-06-24,11,124.29,3,4003.74,6,Standard,Clothing,1
48,2024-10-09,14,139.27,16,1327.29,3,Standard,Books,0
49,2024-04-07,60,37.15,30,3161.88,3,Basic,Books,0
50,2024-11-20,30,137.38,40,2901.56,8,Basic,Home & Garden,0
51,2024-01-23,35,76.19,2,4180.87,5,Basic,Home & Garden,1
52,2024-09-07,85,91.83,17,4539.83,3,Premium,Home & Garden,0
53,2024-09-30,37,174.44,41,159.57,1,Standard,Books,0
54,2024-12-20,5,21.63,12,3402.7,5,Basic,Electronics,0
55,2024-03-02,83,125.91,35,354.0,1,Standard,Electronics,0
56,2024-12-14,78,127.77,43,2789.41,4,Premium,Books,0
57,2024-04-10,26,91.4,1,1509.4,5,Premium,Books,1
58,2024-09-29,62,62.67,45,1603.21,3,Premium,Clothing,0
59,2024-02-13,4,62.24,15,1829.5,2,Premium,Home & Garden,0
60,2024-08-02,89,179.07,26,3144.33,6,Standard,Home & Garden,0
61,2024-03-30,42,99.56,37,1736.84,1,Premium,Books,0
62,2024-02-28,89,79.56,21,3690.23,5,Premium,Books,0
63,2025-01-03,18,100.78,49,2082.18,3,Basic,Electronics,0
64,2024-01-11,40,140.49,31,434.93,5,Premium,Books,0
65,2024-03-03,72,46.24,25,3940.42,3,Basic,Electronics,0
66,2024-04-24,39,100.9,23,1500.22,3,Premium,Books,0
67,2024-09-25,14,125.82,24,2220.56,3,Premium,Clothing,0
68,2024-11-14,32,190.75,38,3458.68,8,Basic,Clothing,0
69,2024-07-18,51,65.46,28,1729.04,6,Premium,Electronics,0
70,2024-08-14,38,84.67,21,377.27,2,Standard,Home & Garden,0
71,2024-02-22,97,88.28,43,1932.21,2,Standard,Clothing,0
72,2024-06-19,23,129.0,18,4727.8,5,Premium,Electronics,0
73,2024-07-29,63,84.21,36,3244.5,5,Standard,Books,0
74,2024-10-05,15,116.03,35,3390.25,3,Basic,Books,0
75,2024-12-25,97,160.72,45,3198.18,8,Premium,Electronics,0
76,2024-11-08,25,146.97,9,1075.06,3,Premium,Home & Garden,0
77,2024-10-06,17,100.35,38,2149.84,8,Basic,Electronics,0
78,2024-08-11,97,175.56,30,3779.61,3,Basic,Electronics,0
79,2024-09-17,66,120.47,44,596.73,1,Basic,Clothing,0
80,2024-07-17,78,117.18,34,1461.48,1,Premium,Electronics,0
81,2024-10-31,53,26.15,32,1453.96,4,Basic,Electronics,0
82,2024-08-09,51,197.6,3,2216.89,3,Basic,Books,0
83,2024-08-04,39,42.13,3,4903.81,6,Standard,Clothing,0
84,2024-09-02,51,61.6,28,430.76,4,Standard,Books,0
85,2024-12-12,70,29.31,44,2641.63,5,Premium,Books,0
86,2024-03-02,6,135.2,15,978.89,9,Standard,Home & Garden,1
87,2024-10-15,67,60.45,41,4856.32,3,Standard,Home & Garden,0
88,2024-08-13,7,52.4,23,655.19,1,Basic,Clothing,0
89,2024-09-17,51,35.94,40,2077.64,9,Basic,Clothing,0
90,2024-07-15,72,38.6,11,3715.64,8,Standard,Home & Garden,1
91,2024-02-19,42,125.24,48,3552.32,9,Standard,Home & Garden,0
92,2024-06-14,64,143.88,32,2171.37,6,Standard,Home & Garden,0
93,2024-01-24,15,91.53,36,1797.97,3,Premium,Home & Garden,0
94,2024-11-05,29,106.38,33,2048.3,2,Premium,Home & Garden,0
95,2024-03-14,33,143.47,24,1394.95,9,Premium,Books,1
96,2024-12-19,94,23.13,39,1106.13,2,Standard,Clothing,0
97,2024-12-01,27,78.16,34,2466.89,8,Standard,Books,0
98,2024-01-18,36,195.16,28,1415.82,4,Premium,Books,0
99,2024-12-18,29,124.42,37,1508.56,2,Premium,Electronics,0
100,2024-05-17,38,65.76,7,3318.1,4,Standard,Books,0
101,2024-05-24,57,113.91,4,4845.83,1,Basic,Home & Garden,0
102,2024-03-12,97,81.68,37,3057.82,3,Premium,Home & Garden,0
103,2024-05-27,27,115.8,1,477.2,9,Standard,Electronics,1
104,2024-03-30,55,42.63,1,470.36,1,Standard,Electronics,0
105,2024-06-20,33,43.89,47,4761.97,1,Basic,Electronics,0
106,2024-10-24,68,45.84,20,1556.72,7,Standard,Electronics,0
107,2024-09-26,86,189.17,19,551.13,0,Standard,Electronics,0
108,2024-08-27,66,151.92,29,3035.32,6,Premium,Books,0
109,2024-02-19,10,49.23,10,3155.88,4,Premium,Electronics,1
110,2024-02-06,5,53.9,18,3277.67,7,Basic,Books,1
111,2024-05-23,74,151.55,28,1410.27,0,Basic,Clothing,0
112,2024-07-28,97,48.11,35,174.04,6,Standard,Electronics,0
113,2024-12-02,38,62.22,43,4828.58,4,Premium,Electronics,0
114,2024-10-03,13,193.4,47,1329.38,3,Basic,Books,0
115,2024-02-11,31,65.96,31,3412.53,6,Basic,Clothing,0
116,2024-02-26,47,139.09,27,3562.49,9,Basic,Books,1
117,2024-03-11,88,196.15,11,3089.04,1,Standard,Books,0
118,2024-08-12,52,87.37,49,1633.25,0,Premium,Electronics,0
119,2024-10-28,56,23.15,49,1428.37,0,Basic,Home & Garden,0
120,2024-04-17,15,63.95,38,3028.57,0,Premium,Home & Garden,0
121,2024-06-29,29,169.56,5,4343.87,4,Basic,Books,0
122,2025-01-03,8,175.63,8,4739.0,9,Basic,Electronics,0
123,2024-08-10,5,158.33,34,618.94,6,Premium,Clothing,0
124,2024-02-13,29,40.36,48,858.66,1,Premium,Home & Garden,0
125,2024-08-23,47,163.19,12,4729.21,9,Premium,Clothing,1
126,2024-04-19,68,185.36,38,3709.02,7,Standard,Home & Garden,0
127,2024-05-19,76,128.11,1,4426.67,3,Basic,Electronics,0
128,2024-09-22,45,189.36,31,1092.9,2,Standard,Books,0
129,2024-01-14,2,168.83,4,2979.17,9,Premium,Clothing,1
130,2024-08-14,27,140.05,49,3535.58,7,Basic,Clothing,0
131,2024-09-20,95,123.89,45,3432.55,1,Standard,Books,0
132,2025-01-02,36,82.74,50,2099.94,2,Basic,Clothing,0
133,2024-10-18,36,48.67,5,175.43,2,Standard,Home & Garden,0
134,2024-08-03,26,128.89,30,2956.34,9,Premium,Books,0
135,2024-01-24,43,77.26,24,1340.2,0,Standard,Home & Garden,0
136,2024-12-20,27,175.96,3,2306.25,5,Basic,Home & Garden,0
137,2024-02-20,69,198.8,11,4792.15,1,Basic,Electronics,0
138,2024-07-06,20,155.44,45,2055.27,0,Basic,Home & Garden,0
139,2024-03-12,11,36.29,4,4215.03,1,Basic,Electronics,0
140,2024-12-26,74,71.96,26,1023.85,5,Premium,Clothing,0
141,2024-08-27,38,39.64,27,3395.06,3,Standard,Clothing,0
142,2024-09-06,6,137.09,46,4887.33,5,Premium,Electronics,0
143,2024-03-01,72,157.73,43,599.28,8,Premium,Home & Garden,0
144,2024-04-14,23,186.62,27,140.77,9,Premium,Books,1
145,2024-08-18,47,98.87,42,2224.56,9,Basic,Books,0
146,2024-08-27,90,182.25,51,553.86,7,Basic,Electronics,0
147,2024-09-02,46,178.02,50,3767.08,0,Basic,Clothing,0
148,2024-05-31,12,77.1,6,4581.29,7,Standard,Clothing,1
149,2024-06-28,90,176.4,15,2226.7,8,Basic,Books,1
150,2024-02-07,13,87.62,30,1367.69,5,Standard,Electronics,0
151,2024-02-14,62,73.44,42,2228.58,9,Basic,Books,0
152,2024-01-22,82,136.83,37,3644.89,4,Basic,Home & Garden,0
153,2024-06-17,89,79.11,37,144.37,5,Premium,Home & Garden,0
154,2024-12-01,97,133.44,42,2988.32,5,Premium,Electronics,0
155,2024-07-14,60,129.77,37,3105.13,8,Premium,Electronics,0
156,2024-09-08,43,121.42,35,3224.67,3,Standard,Home & Garden,0
157,2024-04-04,76,88.48,23,1285.91,1,Standard,Clothing,0
158,2024-10-19,68,118.73,6,3598.86,8,Basic,Electronics,0
159,2024-03-15,5,127.37,4,547.82,1,Standard,Home & Garden,0
160,2024-06-27,37,118.22,18,1076.42,9,Basic,Home & Garden,1
161,2024-02-23,72,100.0,9,4399.6,8,Standard,Clothing,1
162,2024-03-11,92,22.64,49,3719.74,1,Standard,Clothing,0
163,2024-05-22,31,125.67,29,167.35,7,Standard,Clothing,0
164,2024-10-19,9,50.32,13,1317.04,8,Premium,Clothing,0
165,2024-02-06,51,135.66,47,1150.59,9,Standard,Books,0
166,2024-04-26,29,156.68,17,1426.95,8,Premium,Clothing,1
167,2024-02-22,78,110.08,45,1313.04,9,Premium,Books,0
168,2024-12-14,40,117.63,32,406.38,8,Standard,Electronics,0
169,2024-10-21,41,191.27,48,2348.81,1,Basic,Home & Garden,0
170,2024-12-05,86,172.49,22,3690.39,3,Basic,Books,0
171,2024-05-16,11,184.56,4,3072.99,6,Basic,Electronics,1
172,2024-12-22,23,166.48,5,3397.07,1,Standard,Electronics,0
173,2024-08-27,1,39.61,37,497.63,0,Basic,Books,0
174,2024-07-17,46,46.82,41,4762.3,2,Premium,Electronics,0
175,2024-08-21,21,114.79,49,4208.61,3,Basic,Electronics,0
176,2024-10-18,90,64.29,13,4044.94,7,Standard,Books,0
177,2024-05-09,36,105.81,34,4132.62,5,Basic,Electronics,0
178,2024-05-04,54,90.99,45,4670.28,1,Premium,Clothing,0
179,2024-08-29,87,118.89,22,2766.84,8,Standard,Clothing,0
180,2024-09-24,57,154.44,23,1081.38,1,Basic,Home & Garden,0
181,2025-01-02,1,148.79,51,3122.24,4,Standard,Electronics,0
182,2024-07-25,63,113.82,3,3740.12,3,Standard,Home & Garden,0
183,2024-05-25,54,168.03,42,3715.8,6,Standard,Clothing,0
184,2024-11-22,55,97.56,34,2655.1,7,Basic,Clothing,0
185,2024-06-22,40,181.41,32,435.45,4,Standard,Clothing,0
186,2024-08-21,15,32.83,45,1918.45,9,Basic,Electronics,0
187,2024-11-11,21,191.84,51,4611.76,4,Premium,Electronics,0
188,2024-08-30,47,137.84,49,2963.8,1,Basic,Clothing,0
189,2024-06-29,73,88.41,21,2737.83,7,Premium,Home & Garden,0
190,2024-06-09,53,55.49,46,1417.38,1,Basic,Home & Garden,0
191,2024-11-19,9,106.25,44,1905.4,9,Standard,Books,0
192,2024-06-17,74,55.02,21,4487.2,5,Basic,Clothing,0
193,2024-04-14,52,49.94,44,3365.67,7,Standard,Home & Garden,0
194,2024-08-29,57,131.12,11,3958.2,5,Premium,Clothing,0
195,2024-07-07,26,114.16,39,2326.29,3,Basic,Home & Garden,0
196,2024-05-01,41,140.62,4,3188.21,3,Standard,Books,0
197,2024-11-22,35,187.33,51,1317.08,5,Premium,Books,0
198,2024-03-01,63,115.81,1,3556.76,3,Premium,Clothing,1
199,2024-10-03,25,124.57,28,2195.25,7,Basic,Home & Garden,0
200,2024-10-30,90,36.13,24,2268.47,8,Premium,Electronics,0
201,2024-05-01,75,149.17,35,3281.68,0,Standard,Books,0
202,2024-04-19,38,91.98,13,4687.78,3,Premium,Clothing,0
203,2024-05-01,2,195.81,47,413.63,3,Premium,Clothing,0
204,2024-03-30,7,168.17,34,4141.24,1,Standard,Home & Garden,0
205,2024-07-14,82,114.05,11,1532.68,5,Premium,Clothing,0
206,2024-05-01,91,42.18,36,2275.21,2,Premium,Books,0
207,2024-01-11,34,174.69,51,207.38,6,Premium,Clothing,0
208,2024-05-18,91,163.96,17,1575.13,4,Premium,Clothing,0
209,2024-08-16,17,53.23,35,2562.89,3,Standard,Electronics,0
210,2024-03-03,43,73.15,18,375.26,4,Premium,Electronics,0
211,2024-12-17,59,162.81,40,2506.37,7,Standard,Books,0
212,2024-08-20,51,53.34,22,4642.84,2,Premium,Home & Garden,0
213,2024-08-21,54,185.2,24,616.43,6,Premium,Electronics,0
214,2024-05-14,24,96.41,19,3845.76,5,Premium,Home & Garden,0
215,2024-05-18,25,35.67,37,2107.39,0,Premium,Books,0
216,2024-03-02,71,166.83,39,3310.35,6,Standard,Electronics,0
217,2024-06-29,52,87.23,21,1375.16,6,Standard,Home & Garden,0
218,2024-08-14,70,114.77,8,881.51,0,Standard,Electronics,0
219,2024-06-17,88,40.21,28,886.27,8,Basic,Books,0
220,2024-07-25,33,20.47,5,445.41,5,Premium,Books,0
221,2024-09-12,49,134.84,17,1009.67,1,Premium,Electronics,0
222,2024-11-28,29,112.73,37,3354.67,4,Standard,Home & Garden,0
223,2024-07-30,63,126.84,36,4420.28,3,Basic,Clothing,0
224,2024-07-11,22,162.87,19,4089.22,6,Premium,Clothing,0
225,2024-05-11,26,136.39,27,3457.16,7,Standard,Electronics,0
226,2024-09-20,28,51.46,34,641.12,0,Premium,Home & Garden,0
227,2024-10-29,85,84.94,11,1517.02,4,Premium,Clothing,0
228,2024-10-15,49,183.06,45,1618.05,2,Standard,Books,0
229,2024-11-29,71,158.59,47,1324.79,0,Standard,Home & Garden,0
230,2024-04-16,81,120.19,12,2623.53,2,Premium,Clothing,0
231,2024-07-25,84,66.02,21,2724.21,5,Premium,Home & Garden,0
232,2024-09-05,49,74.37,11,1848.74,6,Standard,Electronics,0
233,2024-06-01,20,151.75,39,1833.57,7,Premium,Home & Garden,0
234,2024-04-15,86,173.21,28,4159.92,3,Premium,Clothing,0
235,2024-07-28,92,140.86,5,3967.53,2,Standard,Electronics,0
236,2024-05-12,63,165.72,17,1608.2,4,Premium,Home & Garden,0
237,2024-07-14,61,158.0,20,4577.56,8,Premium,Books,0
238,2024-11-30,49,46.95,41,4768.79,5,Basic,Clothing,0
239,2024-12-23,71,96.31,46,1701.04,8,Standard,Electronics,0
240,2024-09-24,1,47.54,12,1836.68,5,Basic,Home & Garden,0
241,2024-06-05,96,62.34,6,2577.61,1,Basic,Books,0
242,2024-09-17,13,176.47,17,4711.49,4,Basic,Clothing,0
243,2024-12-20,94,105.12,51,4393.97,8,Premium,Books,0
244,2024-06-04,87,116.36,19,602.58,7,Premium,Home & Garden,0
245,2024-06-05,51,52.12,26,2024.38,6,Basic,Home & Garden,0
246,2024-12-26,56,76.21,48,2811.52,0,Basic,Electronics,0
247,2024-07-26,83,61.44,44,2565.35,3,Basic,Books,0
248,2024-11-12,62,57.11,44,1049.93,6,Premium,Electronics,0
249,2024-05-16,32,134.83,32,4308.2,6,Basic,Clothing,0
250,2024-02-17,30,66.24,6,3417.01,5,Basic,Electronics,1
251,2024-12-12,29,133.76,36,4205.75,7,Standard,Clothing,0
252,2025-01-03,49,30.52,38,4307.94,5,Standard,Home & Garden,0
253,2024-05-17,45,45.52,11,3766.94,9,Premium,Home & Garden,1
254,2024-10-02,93,69.42,33,2252.13,2,Standard,Books,0
255,2024-06-08,30,127.47,24,3091.68,3,Standard,Clothing,0
256,2024-11-02,16,141.65,23,885.79,2,Standard,Home & Garden,0
257,2024-04-17,40,99.69,15,3400.86,0,Premium,Books,0
258,2024-09-28,19,100.24,27,978.34,9,Standard,Books,0
259,2024-09-17,18,150.41,11,3500.35,4,Premium,Electronics,0
260,2024-06-01,1,22.85,51,1225.03,0,Basic,Books,0
261,2024-12-20,78,81.4,50,676.0,0,Standard,Home & Garden,0
262,2024-04-30,47,167.37,17,909.89,1,Premium,Electronics,0
263,2024-03-09,66,128.58,51,109.76,3,Standard,Clothing,0
264,2024-01-11,92,80.7,14,3621.82,5,Basic,Clothing,1
265,2024-11-08,94,182.99,27,3688.77,7,Premium,Home & Garden,0
266,2024-09-19,38,159.07,18,2623.17,2,Premium,Home & Garden,0
267,2024-05-28,51,67.68,28,890.68,0,Premium,Electronics,0
268,2024-02-15,63,136.15,51,509.42,2,Basic,Electronics,0
269,2024-06-17,4,127.24,47,193.73,2,Basic,Home & Garden,0
270,2024-01-18,1,92.21,47,912.17,4,Basic,Home & Garden,0
271,2024-08-29,8,86.05,4,4465.19,3,Premium,Clothing,0
272,2024-04-17,29,81.84,7,1283.53,3,Basic,Clothing,0
273,2024-06-04,55,131.09,45,1835.93,8,Standard,Clothing,0
274,2024-11-08,3,99.63,35,616.19,6,Basic,Home & Garden,0
275,2024-08-04,32,169.74,48,1189.57,3,Premium,Books,0
276,2024-05-19,10,140.53,9,2644.2,2,Standard,Home & Garden,0
277,2024-06-09,74,32.59,8,3077.99,5,Basic,Home & Garden,0
278,2024-03-03,83,135.23,45,1302.23,2,Standard,Clothing,0
279,2024-05-08,34,68.81,17,382.89,5,Standard,Home & Garden,0
280,2024-06-18,97,126.71,17,2016.06,8,Premium,Electronics,1
281,2024-05-04,87,142.42,49,1247.6,5,Standard,Home & Garden,0
282,2024-03-24,55,61.55,33,1175.81,3,Standard,Home & Garden,0
283,2024-05-01,92,102.23,32,4803.33,4,Premium,Home & Garden,0
284,2024-04-22,32,54.26,8,3119.87,5,Premium,Home & Garden,1
285,2024-12-14,50,29.42,19,2828.7,2,Premium,Books,0
286,2024-09-19,7,88.13,38,2137.3,7,Standard,Home & Garden,0
287,2024-08-23,93,85.33,3,2201.83,3,Standard,Electronics,0
288,2024-04-30,8,199.19,5,2750.43,7,Standard,Electronics,1
289,2024-04-17,65,100.34,13,3512.51,9,Premium,Home & Garden,1
290,2024-06-10,57,80.04,47,3540.52,9,Basic,Clothing,0
291,2024-12-23,67,124.49,46,941.3,2,Standard,Books,0
292,2024-12-12,88,35.98,31,2550.55,9,Basic,Home & Garden,0
293,2024-07-21,87,193.1,16,2118.59,6,Premium,Home & Garden,0
294,2024-11-14,59,134.29,50,4365.58,8,Standard,Home & Garden,0
295,2024-06-20,72,155.87,32,3193.95,3,Basic,Clothing,0
296,2024-08-04,54,50.69,22,2709.27,7,Standard,Clothing,0
297,2024-06-26,67,93.71,29,665.43,2,Standard,Clothing,0
298,2024-06-18,51,96.08,22,3067.63,6,Standard,Books,0
299,2024-03-17,97,167.93,43,674.3,2,Basic,Electronics,0
300,2024-10-24,92,20.22,3,1752.31,6,Premium,Books,0
301,2024-10-12,8,74.15,10,799.93,9,Standard,Clothing,0
302,2024-11-08,34,196.62,42,3491.16,9,Premium,Electronics,0
303,2024-05-23,35,105.48,21,1110.64,5,Premium,Electronics,0
304,2024-07-22,96,88.85,16,2020.11,1,Basic,Clothing,0
305,2024-05-16,88,41.57,12,4488.81,2,Basic,Clothing,0
306,2024-02-11,78,195.35,2,1101.15,5,Premium,Books,1
307,2024-07-03,32,23.6,41,2588.24,3,Standard,Clothing,0
308,2024-01-31,46,152.69,24,2154.43,5,Basic,Electronics,0
309,2024-09-03,16,158.35,35,188.81,0,Standard,Home & Garden,0
310,2024-06-15,68,63.86,30,3984.51,9,Standard,Clothing,0
311,2024-02-16,37,140.88,30,438.32,0,Standard,Clothing,0
312,2024-08-26,54,36.73,47,2423.85,2,Premium,Books,0
313,2025-01-08,85,66.27,35,2847.32,7,Standard,Books,0
314,2024-02-29,14,161.82,19,3179.29,7,Premium,Clothing,1
315,2024-09-29,95,175.64,50,3474.29,3,Premium,Electronics,0
316,2024-10-18,55,129.53,8,1341.03,5,Standard,Electronics,0
317,2024-02-05,48,111.23,26,148.9,7,Standard,Home & Garden,1
318,2024-08-22,82,48.67,49,3644.87,6,Standard,Clothing,0
319,2024-10-12,7,31.36,40,2724.72,6,Standard,Books,0
320,2024-10-21,74,41.18,7,4196.98,3,Premium,Electronics,0
321,2024-04-15,7,60.92,30,4124.8,8,Standard,Home & Garden,0
322,2024-10-19,33,81.5,7,4232.3,9,Standard,Clothing,0
323,2024-11-21,23,88.56,3,2476.96,5,Premium,Electronics,0
324,2024-11-08,85,82.34,1,1734.78,2,Basic,Clothing,0
325,2024-06-04,19,63.03,36,3978.64,4,Basic,Clothing,0
326,2024-01-13,19,111.75,25,2311.34,4,Premium,Electronics,0
327,2024-02-13,36,168.55,37,998.87,4,Basic,Electronics,0
328,2024-07-19,29,70.35,1,4289.37,7,Premium,Electronics,1
329,2024-02-27,60,189.63,15,4424.54,8,Standard,Clothing,1
330,2024-01-26,82,177.2,37,2384.92,8,Standard,Clothing,1
331,2024-06-29,2,49.12,13,470.93,5,Basic,Home & Garden,0
332,2024-08-16,1,161.53,40,2000.35,5,Standard,Books,0
333,2024-06-15,47,123.43,8,4037.33,8,Basic,Clothing,1
334,2024-02-24,69,121.98,5,4518.69,3,Basic,Books,1
335,2024-01-15,20,90.39,9,1097.02,5,Standard,Electronics,1
336,2024-04-17,11,110.21,1,428.17,3,Standard,Clothing,0
337,2024-08-29,2,91.49,36,4399.02,0,Basic,Home & Garden,0
338,2024-02-15,67,117.15,35,2008.08,6,Standard,Home & Garden,0
339,2024-10-15,87,133.03,2,2754.63,9,Premium,Books,1
340,2024-12-23,12,141.37,40,4843.52,5,Standard,Electronics,0
341,2024-11-06,20,115.85,23,426.17,8,Standard,Books,0
342,2024-07-08,5,149.86,9,3276.76,6,Premium,Electronics,0
343,2024-04-13,37,45.43,34,463.12,6,Standard,Home & Garden,0
344,2024-04-17,38,58.16,46,1939.8,1,Standard,Books,0
345,2024-07-15,94,167.37,14,4038.69,8,Basic,Home & Garden,1
346,2024-05-04,9,78.06,4,2224.01,9,Standard,Home & Garden,1
347,2024-07-18,98,24.12,30,4986.19,8,Standard,Electronics,0
348,2024-09-18,53,47.68,31,2839.39,5,Premium,Books,0
349,2024-06-18,44,60.25,38,1673.69,2,Basic,Books,0
350,2024-09-21,99,192.32,11,1178.55,0,Basic,Home & Garden,0
351,2024-11-27,86,123.15,35,1817.55,3,Basic,Home & Garden,0
352,2024-05-16,24,187.89,8,1925.41,2,Standard,Electronics,0
353,2024-01-27,81,123.53,3,436.7,0,Basic,Clothing,0
354,2024-10-16,74,106.28,14,1910.91,2,Premium,Clothing,0
355,2024-08-19,30,76.47,13,2374.77,3,Basic,Home & Garden,0
356,2024-03-03,59,129.15,45,3641.41,7,Premium,Clothing,0
357,2024-03-07,87,45.06,32,3317.97,8,Basic,Clothing,1
358,2024-11-27,96,181.69,34,3572.95,2,Basic,Clothing,0
359,2025-01-03,81,169.28,45,140.98,5,Premium,Clothing,0
360,2024-07-01,81,77.16,19,1166.57,9,Basic,Home & Garden,1
361,2024-10-15,14,191.5,38,3342.25,4,Basic,Clothing,0
362,2024-05-02,9,168.54,16,2471.55,5,Basic,Clothing,0
363,2024-10-23,40,139.94,2,126.04,3,Standard,Electronics,0
364,2024-12-16,66,41.92,40,4042.02,9,Premium,Home & Garden,0
365,2024-06-08,25,106.08,17,3886.77,5,Basic,Books,0
366,2024-05-15,73,111.1,34,2787.25,6,Premium,Books,0
367,2024-06-12,22,61.86,42,425.67,8,Premium,Electronics,0
368,2024-10-08,4,34.39,16,3855.92,9,Premium,Electronics,0
369,2024-04-22,26,159.81,38,2960.2,6,Basic,Home & Garden,0
370,2024-11-03,58,41.97,2,3931.6,5,Basic,Books,0
371,2024-09-11,29,126.97,2,3783.56,0,Premium,Clothing,0
372,2024-07-03,98,188.56,26,4034.71,1,Standard,Electronics,0
373,2024-02-17,87,177.7,13,2638.24,0,Premium,Books,0
374,2024-06-27,37,70.0,47,787.59,8,Standard,Home & Garden,0
375,2024-09-12,75,173.26,31,3388.67,9,Premium,Clothing,0
376,2024-02-04,70,20.06,34,3140.32,9,Premium,Home & Garden,1
377,2024-12-29,18,23.18,39,3737.04,8,Premium,Electronics,0
378,2024-11-10,85,128.46,3,932.42,6,Basic,Books,0
379,2024-01-22,42,85.66,8,1055.38,1,Standard,Books,0
380,2024-11-20,41,89.56,23,4463.01,5,Standard,Books,0
381,2024-11-17,38,121.6,14,3774.89,3,Premium,Books,0
382,2024-02-14,34,54.52,27,4550.32,0,Basic,Clothing,0
383,2024-06-30,17,58.12,29,3817.71,0,Basic,Clothing,0
384,2024-01-29,37,107.23,39,3026.06,4,Standard,Home & Garden,0
385,2024-11-25,25,155.77,39,3305.25,1,Basic,Clothing,0
386,2024-09-29,76,131.51,1,4456.73,3,Standard,Electronics,0
387,2024-05-30,87,73.52,17,2936.15,0,Standard,Electronics,0
388,2024-05-31,86,97.46,41,3198.72,3,Standard,Books,0
389,2024-04-10,85,50.72,30,866.74,5,Basic,Electronics,0
390,2024-12-28,27,33.43,13,2422.21,9,Standard,Home & Garden,0
391,2024-11-26,57,160.89,21,3610.35,3,Standard,Clothing,0
392,2024-10-23,31,67.77,19,1427.62,0,Premium,Clothing,0
393,2024-08-11,6,52.0,19,1091.05,6,Standard,Clothing,0
394,2024-12-16,91,144.49,25,1637.75,1,Standard,Electronics,0
395,2024-02-29,40,131.25,22,1283.35,8,Premium,Clothing,1
396,2024-06-10,98,133.97,31,1153.07,2,Premium,Books,0
397,2024-07-13,12,61.2,17,2181.77,7,Basic,Books,0
398,2024-03-12,53,61.88,23,4548.41,7,Standard,Books,1
399,2024-07-17,71,59.74,32,2584.59,2,Basic,Electronics,0
400,2024-05-13,10,51.28,10,1020.81,3,Basic,Clothing,0
401,2024-06-07,45,138.03,10,477.16,1,Premium,Electronics,0
402,2024-11-18,17,172.64,36,3511.17,3,Basic,Clothing,0
403,2024-03-07,26,150.38,8,1975.71,8,Standard,Home & Garden,1
404,2024-12-16,85,162.58,20,4126.97,1,Premium,Home & Garden,0
405,2024-11-09,92,92.86,32,3331.6,2,Standard,Electronics,0
406,2024-07-07,62,137.73,50,4001.58,3,Standard,Books,0
407,2024-06-27,46,83.76,14,1432.54,4,Premium,Electronics,0
408,2024-11-30,64,114.59,50,3492.56,0,Standard,Books,0
409,2024-10-06,2,106.69,28,1393.9,6,Premium,Clothing,0
410,2024-03-03,54,51.84,46,4701.44,9,Standard,Books,0
411,2024-04-19,65,89.67,24,3218.23,6,Premium,Books,0
412,2024-09-29,51,193.49,15,1690.11,8,Basic,Clothing,0
413,2024-03-02,53,64.74,22,1420.61,3,Standard,Home & Garden,0
414,2024-03-09,36,44.08,30,1035.54,5,Premium,Clothing,0
415,2024-04-26,26,95.34,4,3503.74,1,Standard,Electronics,0
416,2024-01-14,29,162.26,13,1171.71,3,Standard,Electronics,0
417,2024-04-21,21,124.79,23,3016.99,1,Standard,Electronics,0
418,2024-07-23,11,142.58,8,1396.71,9,Premium,Electronics,1
419,2024-09-27,40,54.15,18,3343.65,4,Basic,Electronics,0
420,2025-01-08,11,131.41,12,4093.2,6,Basic,Home & Garden,0
421,2024-12-24,36,78.23,31,3912.32,0,Basic,Home & Garden,0
422,2024-02-25,59,170.17,14,3828.17,9,Premium,Books,1
423,2024-12-29,39,133.27,34,1019.84,9,Basic,Electronics,0
424,2024-11-15,99,55.79,18,533.09,6,Premium,Clothing,0
425,2024-11-12,54,31.63,34,3524.85,9,Standard,Electronics,0
426,2024-06-01,98,27.67,11,1904.9,5,Standard,Home & Garden,0
427,2024-10-04,55,86.85,41,2218.5,5,Basic,Electronics,0
428,2024-05-12,24,67.85,12,252.63,7,Premium,Home & Garden,1
429,2024-04-24,22,136.3,49,1371.92,7,Standard,Books,0
430,2024-06-15,69,109.88,15,265.01,5,Premium,Books,0
431,2024-06-04,56,67.88,31,4408.01,2,Premium,Books,0
432,2024-06-02,33,46.86,49,1292.64,4,Standard,Home & Garden,0
433,2024-05-08,36,42.9,29,2830.95,1,Premium,Electronics,0
434,2024-11-23,20,175.64,26,291.0,4,Standard,Electronics,0
435,2024-10-10,83,63.83,18,3367.55,8,Standard,Clothing,0
436,2024-04-10,99,137.31,32,1682.83,9,Standard,Home & Garden,1
437,2024-03-07,81,165.92,22,4499.8,0,Premium,Clothing,0
438,2024-12-20,62,130.53,38,4451.78,9,Standard,Books,0
439,2024-08-25,98,174.72,17,1693.92,4,Premium,Electronics,0
440,2024-05-05,73,90.63,23,4514.71,5,Standard,Home & Garden,0
441,2024-11-22,26,192.12,24,4981.17,6,Standard,Clothing,0
442,2024-10-14,66,43.97,50,4144.54,8,Basic,Clothing,0
443,2024-05-15,73,38.39,8,4239.87,5,Basic,Clothing,0
444,2024-05-17,73,138.56,41,1320.14,4,Basic,Electronics,0
445,2024-03-07,40,189.71,6,2925.84,6,Premium,Electronics,1
446,2024-05-10,17,165.6,5,429.55,0,Premium,Electronics,0
447,2024-01-10,1,33.76,44,565.1,4,Standard,Home & Garden,0
448,2024-09-04,89,70.29,29,4994.57,1,Standard,Electronics,0
449,2024-10-25,61,187.46,28,1700.53,3,Standard,Home & Garden,0
450,2024-04-14,43,65.55,11,3766.1,6,Standard,Clothing,1
451,2024-05-14,42,160.61,1,4052.66,4,Premium,Clothing,0
452,2024-05-06,25,168.52,43,4304.31,5,Standard,Books,0
453,2024-02-26,39,109.18,19,4988.38,1,Standard,Electronics,0
454,2024-04-07,35,89.54,9,1283.33,2,Basic,Clothing,0
455,2024-09-02,3,101.02,27,297.72,6,Standard,Electronics,0
456,2024-10-07,44,60.85,34,2114.84,1,Standard,Home & Garden,0
457,2024-07-16,51,180.09,44,737.4,5,Standard,Clothing,0
458,2024-07-19,94,101.11,4,209.89,4,Premium,Electronics,0
459,2024-03-18,98,178.84,36,1866.09,9,Basic,Clothing,1
460,2024-10-13,12,39.02,18,3940.32,0,Standard,Clothing,0
461,2024-12-23,19,197.89,15,2874.29,9,Standard,Electronics,0
462,2024-09-12,44,99.79,51,1632.61,3,Basic,Clothing,0
463,2024-03-25,59,28.61,13,3306.28,1,Standard,Clothing,0
464,2024-06-11,49,26.84,19,1236.89,3,Premium,Clothing,0
465,2024-06-01,61,154.32,49,170.47,0,Standard,Clothing,0
466,2024-04-04,17,138.63,6,3845.33,1,Premium,Home & Garden,0
467,2024-07-12,74,164.38,48,3156.34,7,Premium,Clothing,0
468,2024-10-20,57,38.97,12,3835.28,5,Standard,Books,0
469,2024-08-16,55,26.4,51,290.8,1,Basic,Clothing,0
470,2024-03-18,47,111.54,37,4201.89,5,Premium,Electronics,0
471,2024-02-25,12,89.77,17,3135.68,9,Basic,Books,1
472,2024-04-12,62,103.15,23,2860.64,8,Standard,Home & Garden,1
473,2024-09-03,80,198.49,26,3160.61,6,Premium,Books,0
474,2024-07-31,88,194.73,29,4335.72,8,Standard,Books,0
475,2024-08-14,83,189.62,33,2975.99,4,Basic,Books,0
476,2024-12-15,8,161.09,27,2946.66,6,Standard,Electronics,0
477,2024-02-17,95,83.87,25,4954.33,6,Standard,Electronics,0
478,2024-04-18,21,94.18,10,3807.98,2,Premium,Electronics,0
479,2024-10-24,81,118.93,47,2267.24,6,Standard,Home & Garden,0
480,2024-09-19,87,169.5,23,3566.25,0,Standard,Electronics,0
481,2024-08-18,80,32.37,21,2007.23,8,Standard,Electronics,0
482,2024-12-31,70,96.37,21,1221.49,9,Premium,Books,0
483,2024-02-01,72,34.87,43,3024.57,5,Basic,Electronics,0
484,2024-09-15,25,112.64,13,4648.09,4,Basic,Clothing,0
485,2024-01-19,82,181.8,37,4652.78,6,Standard,Electronics,0
486,2024-09-11,89,160.85,33,1775.34,4,Premium,Home & Garden,0
487,2024-11-29,12,61.01,24,2685.62,9,Standard,Home & Garden,0
488,2024-04-18,15,195.68,44,1137.02,4,Basic,Clothing,0
489,2024-10-25,59,140.12,11,4978.59,9,Premium,Home & Garden,0
490,2024-07-07,26,21.88,17,4907.48,6,Basic,Home & Garden,0
491,2024-08-19,26,65.97,4,3282.59,9,Basic,Books,1
492,2024-09-15,47,66.93,47,4041.63,6,Premium,Clothing,0
493,2024-06-04,32,32.47,25,3603.99,2,Premium,Books,0
494,2024-04-14,10,192.77,30,3006.48,2,Standard,Books,0
495,2024-09-22,16,106.09,9,361.41,9,Standard,Electronics,1
496,2024-11-29,71,181.25,21,2328.35,2,Basic,Clothing,0
497,2024-01-13,17,78.0,20,3406.45,5,Premium,Electronics,1
498,2024-01-25,23,42.54,19,3419.9,5,Premium,Electronics,1
499,2024-10-15,26,105.38,19,1928.3,2,Standard,Books,0
500,2024-12-10,85,40.51,12,4714.29,2,Basic,Home & Garden,0
501,2024-09-12,86,107.48,37,920.05,7,Basic,Clothing,0
502,2024-09-23,7,185.65,42,2551.76,7,Standard,Home & Garden,0
503,2024-06-17,14,113.74,17,3485.33,6,Premium,Books,0
504,2024-12-14,79,130.97,37,3515.97,9,Standard,Books,0
505,2024-06-09,7,48.19,48,3278.33,3,Standard,Books,0
506,2024-07-05,9,27.87,39,1448.91,3,Standard,Books,0
507,2024-06-20,48,39.95,28,865.41,2,Standard,Books,0
508,2024-02-11,72,127.74,41,3216.11,4,Premium,Books,0
509,2024-07-06,59,37.1,35,3036.58,2,Standard,Home & Garden,0
510,2024-04-19,87,87.68,47,978.84,7,Premium,Electronics,0
511,2024-10-03,93,119.02,48,3555.18,6,Standard,Home & Garden,0
512,2024-11-27,82,89.96,18,2330.34,2,Basic,Clothing,0
513,2024-03-14,95,49.46,14,3372.03,8,Premium,Home & Garden,1
514,2024-06-25,94,69.28,35,4203.1,4,Basic,Books,0
515,2024-12-04,39,187.1,44,931.67,8,Standard,Home & Garden,0
516,2024-02-21,99,141.68,41,193.81,6,Standard,Electronics,0
517,2024-02-22,18,109.29,7,3917.6,6,Standard,Clothing,1
518,2024-10-20,59,22.29,41,3087.52,5,Premium,Home & Garden,0
519,2024-01-21,17,198.63,13,3528.23,1,Basic,Electronics,0
520,2024-04-13,14,140.86,18,4206.96,8,Premium,Home & Garden,1
521,2024-11-06,31,77.05,37,4033.77,5,Premium,Clothing,0
522,2024-09-18,24,178.27,13,4808.51,7,Standard,Home & Garden,0
523,2024-09-07,99,66.52,36,2726.08,0,Basic,Books,0
524,2024-02-13,60,117.92,31,2493.63,4,Standard,Home & Garden,0
525,2024-08-11,45,134.49,2,2069.25,0,Premium,Electronics,0
526,2024-12-11,98,59.79,16,853.09,9,Standard,Home & Garden,0
527,2024-04-08,3,196.11,9,2905.78,7,Basic,Electronics,1
528,2024-09-29,37,154.67,9,1457.36,7,Standard,Clothing,0
529,2024-04-11,43,120.41,38,4614.41,0,Basic,Home & Garden,0
530,2024-04-08,40,52.51,11,2957.63,8,Basic,Clothing,1
531,2024-05-03,90,29.69,22,3004.92,1,Standard,Clothing,0
532,2024-04-23,55,77.61,33,1839.13,8,Premium,Home & Garden,0
533,2024-07-23,87,155.57,36,354.75,0,Standard,Electronics,0
534,2024-11-18,39,68.48,45,255.54,9,Premium,Clothing,0
535,2024-05-02,15,117.12,23,2174.34,8,Premium,Clothing,1
536,2024-03-24,4,151.03,45,514.37,3,Standard,Home & Garden,0
537,2024-08-13,93,39.43,45,3073.55,8,Premium,Home & Garden,0
538,2024-10-12,86,143.35,34,4416.77,6,Premium,Home & Garden,0
539,2024-09-14,25,36.54,9,4426.28,5,Standard,Home & Garden,0
540,2024-06-21,13,193.72,24,3329.32,4,Standard,Home & Garden,0
541,2024-12-31,82,107.91,8,1135.04,8,Standard,Books,0
542,2024-07-19,33,47.12,7,4328.68,1,Premium,Home & Garden,0
543,2024-08-23,16,81.63,36,4441.86,1,Basic,Electronics,0
544,2024-07-04,42,94.41,18,1063.6,8,Premium,Clothing,0
545,2024-04-17,66,156.47,3,3713.39,2,Basic,Electronics,0
546,2024-02-14,55,153.82,28,1503.95,7,Standard,Electronics,1
547,2024-04-14,99,130.15,6,4032.94,8,Basic,Books,1
548,2024-06-09,42,39.07,44,4986.47,7,Standard,Home & Garden,0
549,2024-06-08,34,47.28,44,247.13,3,Standard,Clothing,0
550,2024-07-17,30,36.88,21,4497.09,0,Basic,Electronics,0
551,2024-08-20,13,123.89,28,3150.89,3,Standard,Home & Garden,0
552,2024-02-15,13,177.88,40,4869.57,8,Basic,Home & Garden,0
553,2024-10-03,18,98.08,1,2378.55,1,Standard,Books,0
554,2024-07-10,32,48.95,36,4252.2,2,Premium,Books,0
555,2024-01-22,96,120.45,21,405.73,9,Premium,Books,1
556,2024-10-14,99,166.12,43,1742.87,7,Standard,Clothing,0
557,2024-08-13,39,153.51,35,428.38,5,Standard,Electronics,0
558,2024-12-29,46,178.66,13,4879.18,7,Basic,Books,0
559,2025-01-04,29,70.02,49,4103.17,6,Premium,Books,0
560,2024-10-21,62,54.91,10,4277.48,4,Basic,Books,0
561,2024-10-08,93,178.37,44,4696.03,8,Standard,Electronics,0
562,2024-03-11,62,138.36,47,517.01,3,Standard,Electronics,0
563,2024-04-02,57,75.97,10,1989.43,5,Basic,Books,1
564,2024-08-13,16,153.62,46,448.07,1,Standard,Books,0
565,2024-12-16,56,166.72,13,1132.89,1,Premium,Home & Garden,0
566,2024-07-14,10,130.7,37,1223.89,1,Basic,Books,0
567,2024-01-28,30,143.82,38,2398.63,9,Premium,Clothing,1
568,2024-07-04,25,87.55,24,1415.95,6,Premium,Clothing,0
569,2024-04-18,84,116.97,2,594.79,1,Premium,Books,0
570,2024-08-29,5,114.35,22,920.71,1,Basic,Electronics,0
571,2024-03-25,65,172.65,17,821.65,8,Standard,Home & Garden,1
572,2024-09-30,94,171.19,36,4868.08,6,Premium,Electronics,0
573,2024-10-19,49,169.88,14,3820.53,2,Premium,Books,0
574,2024-08-02,3,21.99,10,4842.03,2,Premium,Clothing,0
575,2024-08-19,45,154.92,35,2254.73,6,Standard,Home & Garden,0
576,2024-03-01,14,156.56,25,1464.01,4,Standard,Electronics,0
577,2024-12-13,30,142.11,3,4011.64,9,Basic,Electronics,0
578,2024-06-01,68,156.13,47,1698.64,5,Standard,Books,0
579,2024-03-18,18,171.55,38,1566.98,7,Basic,Home & Garden,0
580,2024-04-17,62,104.66,17,1239.28,8,Basic,Clothing,1
581,2024-02-03,37,110.37,12,735.43,0,Basic,Books,0
582,2024-03-02,25,42.45,24,1356.67,2,Basic,Home & Garden,0
583,2024-06-08,48,89.37,29,1841.07,6,Basic,Electronics,0
584,2024-06-01,65,135.81,43,3402.57,5,Premium,Books,0
585,2024-03-06,53,160.47,25,406.57,6,Standard,Electronics,0
586,2024-02-17,79,59.1,36,1131.48,7,Premium,Electronics,0
587,2024-04-27,73,44.81,26,4064.22,5,Basic,Books,0
588,2024-07-08,15,139.35,38,819.92,2,Standard,Books,0
589,2024-02-20,49,20.34,1,1778.96,1,Premium,Books,0
590,2024-07-13,88,52.11,20,4336.83,6,Premium,Books,0
591,2024-08-19,68,25.23,28,859.13,0,Basic,Books,0
592,2024-05-10,12,50.04,16,505.41,2,Premium,Electronics,0
593,2024-05-21,59,52.64,47,2474.24,3,Premium,Clothing,0
594,2024-06-20,37,89.78,17,1581.86,0,Premium,Clothing,0
595,2024-08-11,61,92.42,40,2860.7,4,Premium,Books,0
596,2024-08-17,43,177.37,28,4038.64,9,Premium,Electronics,0
597,2024-08-31,70,111.82,12,772.03,2,Basic,Clothing,0
598,2024-12-05,39,150.21,27,2945.43,1,Basic,Clothing,0
599,2024-06-03,56,38.74,42,2576.99,2,Premium,Clothing,0
600,2024-09-04,63,60.58,47,805.99,7,Basic,Electronics,0
601,2024-03-25,46,146.53,30,3157.59,5,Basic,Books,0
602,2024-01-18,88,29.5,41,1440.84,6,Standard,Books,0
603,2024-03-23,11,107.59,34,2490.39,5,Premium,Books,0
604,2024-09-18,62,127.89,37,503.13,5,Basic,Home & Garden,0
605,2024-08-26,77,128.39,6,2351.96,2,Basic,Home & Garden,0
606,2024-01-16,98,24.13,7,1601.67,7,Premium,Home & Garden,1
607,2024-07-01,25,77.98,32,4129.67,6,Standard,Electronics,0
608,2024-05-29,71,134.57,32,379.2,6,Premium,Clothing,0
609,2024-06-25,52,46.82,25,2151.18,5,Standard,Clothing,0
610,2024-06-27,4,145.17,33,2346.31,4,Premium,Electronics,0
611,2024-10-18,59,154.27,7,3652.53,9,Premium,Electronics,0
612,2024-05-10,72,196.75,12,2914.01,7,Premium,Books,1
613,2024-07-21,20,57.77,16,3369.34,4,Premium,Books,0
614,2024-01-14,93,168.52,16,3907.54,8,Standard,Home & Garden,1
615,2024-02-07,63,113.65,43,4324.79,8,Standard,Home & Garden,0
616,2024-06-22,54,87.22,36,1637.99,0,Basic,Electronics,0
617,2024-12-13,74,42.03,13,2736.31,5,Premium,Home & Garden,0
618,2024-05-24,98,152.39,7,4216.53,6,Standard,Clothing,1
619,2025-01-08,57,62.45,36,4948.31,2,Standard,Electronics,0
620,2024-11-25,90,86.86,47,4458.64,6,Standard,Electronics,0
621,2024-12-16,41,31.26,51,1920.19,6,Premium,Clothing,0
622,2024-06-02,3,164.25,9,1056.32,1,Basic,Books,0
623,2024-12-01,6,157.99,32,2498.02,6,Standard,Books,0
624,2024-08-13,5,152.05,11,3734.04,0,Premium,Clothing,0
625,2024-11-05,5,73.9,8,2513.59,4,Standard,Clothing,0
626,2024-05-20,54,51.23,33,2467.59,8,Standard,Home & Garden,0
627,2024-10-27,47,134.76,23,4207.33,6,Basic,Electronics,0
628,2024-03-19,87,109.31,25,1870.88,6,Standard,Home & Garden,0
629,2024-09-17,49,52.09,8,4312.99,1,Standard,Clothing,0
630,2024-10-10,9,143.46,45,2093.34,7,Premium,Home & Garden,0
631,2025-01-07,99,198.4,22,1708.34,2,Premium,Clothing,0
632,2024-07-09,20,154.5,4,2324.55,7,Basic,Home & Garden,1
633,2024-06-24,61,153.2,40,3835.99,2,Premium,Home & Garden,0
634,2024-04-09,35,191.06,3,717.41,9,Premium,Books,1
635,2024-07-29,50,56.53,29,1062.45,6,Basic,Clothing,0
636,2024-12-20,82,121.8,41,4762.08,1,Standard,Home & Garden,0
637,2024-01-28,62,196.34,29,959.91,3,Basic,Electronics,0
638,2024-02-17,17,49.75,34,2881.86,5,Premium,Home & Garden,0
639,2024-05-14,88,146.05,34,2938.64,8,Basic,Home & Garden,0
640,2024-06-30,3,125.45,28,2499.16,4,Standard,Electronics,0
641,2024-05-29,32,125.57,13,3259.25,8,Basic,Clothing,1
642,2024-09-07,99,145.58,15,1226.15,4,Premium,Books,0
643,2024-08-16,13,187.33,23,2808.05,9,Premium,Books,0
644,2024-05-14,89,160.86,44,1923.65,7,Basic,Books,0
645,2024-03-07,73,30.1,26,3342.17,0,Standard,Electronics,0
646,2024-06-05,68,173.49,4,792.0,6,Basic,Home & Garden,1
647,2024-11-21,14,60.6,26,2897.3,3,Standard,Clothing,0
648,2025-01-04,98,87.84,40,1007.82,4,Standard,Home & Garden,0
649,2024-01-10,11,103.11,9,1465.35,5,Basic,Books,1
650,2024-12-22,56,106.56,5,1171.68,4,Standard,Home & Garden,0
651,2024-07-17,67,98.33,32,995.91,0,Premium,Electronics,0
652,2024-07-18,92,188.72,20,4145.98,8,Basic,Electronics,0
653,2024-11-16,29,147.08,50,1499.97,1,Standard,Clothing,0
654,2024-05-05,9,133.61,11,4642.91,8,Premium,Clothing,1
655,2024-05-22,67,28.97,15,4852.64,9,Basic,Books,1
656,2024-03-07,25,182.7,32,2899.18,1,Premium,Clothing,0
657,2024-02-22,98,183.69,28,800.71,8,Premium,Home & Garden,1
658,2024-06-30,76,160.44,22,1935.29,5,Premium,Electronics,0
659,2024-06-17,42,21.27,41,4008.89,8,Standard,Electronics,0
660,2024-06-30,9,30.31,17,1900.21,5,Basic,Electronics,0
661,2024-11-21,79,60.54,26,526.38,5,Basic,Clothing,0
662,2024-11-07,40,43.64,44,2828.25,1,Standard,Electronics,0
663,2024-06-06,25,91.79,7,4241.09,7,Basic,Electronics,1
664,2024-03-29,5,186.07,42,4000.04,2,Premium,Electronics,0
665,2024-08-09,11,104.97,26,958.1,6,Basic,Books,0
666,2024-07-30,59,22.41,25,3396.55,4,Standard,Books,0
667,2024-09-17,98,70.89,10,1180.47,2,Premium,Clothing,0
668,2024-08-25,88,28.03,45,1169.22,0,Standard,Electronics,0
669,2024-06-21,79,26.53,19,4382.95,7,Premium,Clothing,0
670,2024-08-23,38,69.63,11,1323.38,2,Premium,Electronics,0
671,2024-06-04,72,69.61,13,1389.91,1,Basic,Electronics,0
672,2024-01-29,5,161.68,8,103.2,0,Premium,Electronics,0
673,2024-02-25,48,195.47,40,4366.28,3,Standard,Clothing,0
674,2024-08-29,90,86.82,4,3983.71,7,Basic,Clothing,0
675,2024-11-09,18,97.2,47,3173.91,2,Standard,Electronics,0
676,2024-01-23,70,172.06,31,3776.3,0,Premium,Home & Garden,0
677,2024-05-31,37,68.27,28,845.04,3,Standard,Clothing,0
678,2024-01-10,60,48.15,11,2345.79,8,Standard,Books,1
679,2024-03-03,48,173.56,43,1820.97,0,Premium,Clothing,0
680,2024-09-24,77,28.37,1,559.5,1,Basic,Electronics,0
681,2024-06-01,28,131.55,49,2482.04,8,Standard,Home & Garden,0
682,2024-01-21,69,121.16,47,4611.62,1,Premium,Electronics,0
683,2024-12-04,77,82.27,38,296.29,2,Basic,Books,0
684,2024-08-20,81,76.73,24,1528.16,6,Basic,Clothing,0
685,2024-10-07,40,158.93,47,1116.95,2,Basic,Clothing,0
686,2025-01-01,45,35.56,31,1266.92,8,Standard,Electronics,0
687,2024-06-13,96,62.62,41,4551.33,5,Standard,Electronics,0
688,2024-01-17,62,151.84,46,2393.54,2,Standard,Books,0
689,2024-05-10,93,118.7,50,2384.87,8,Basic,Home & Garden,0
690,2024-12-22,58,43.04,26,3826.82,0,Standard,Books,0
691,2024-06-21,67,178.78,49,857.01,9,Premium,Home & Garden,0
692,2024-04-08,56,90.82,50,2487.6,2,Standard,Clothing,0
693,2024-05-24,40,169.02,5,2206.93,0,Standard,Home & Garden,0
694,2024-07-13,98,161.79,20,3024.86,1,Basic,Home & Garden,0
695,2024-11-20,40,132.4,41,4997.83,7,Standard,Clothing,0
696,2024-07-05,91,109.01,11,3870.3,6,Premium,Clothing,0
697,2024-02-06,77,196.32,33,2049.54,1,Basic,Clothing,0
698,2024-08-16,33,46.09,50,4155.01,1,Premium,Books,0
699,2024-12-31,6,150.53,38,936.47,8,Basic,Clothing,0
700,2024-02-19,88,54.41,27,249.27,5,Basic,Electronics,0
701,2024-08-24,19,80.89,34,1101.8,4,Standard,Clothing,0
702,2024-07-19,80,75.57,15,1768.02,9,Premium,Clothing,1
703,2024-06-02,40,190.47,32,2601.85,5,Basic,Clothing,0
704,2024-07-28,92,194.12,21,3114.13,8,Standard,Home & Garden,0
705,2024-08-08,97,52.94,46,4561.97,6,Basic,Books,0
706,2024-08-16,59,23.97,5,2598.28,9,Basic,Clothing,1
707,2024-09-05,59,149.6,6,2556.25,9,Basic,Books,1
708,2024-02-24,48,95.24,38,346.19,8,Basic,Electronics,0
709,2024-02-13,41,35.99,22,271.07,3,Basic,Electronics,0
710,2024-09-18,13,143.08,18,2800.68,1,Basic,Clothing,0
711,2024-03-31,45,118.12,14,2247.08,7,Standard,Electronics,1
712,2024-09-21,89,196.49,10,4211.98,3,Basic,Books,0
713,2024-07-24,53,60.93,46,887.33,8,Premium,Home & Garden,0
714,2024-11-07,42,92.72,13,222.36,3,Standard,Clothing,0
715,2024-01-19,63,117.66,31,2300.29,7,Premium,Electronics,1
716,2024-11-16,27,162.51,30,1263.64,8,Basic,Books,0
717,2024-10-21,38,118.79,3,343.11,8,Premium,Books,0
718,2024-09-07,60,130.32,30,3650.53,9,Basic,Electronics,0
719,2024-09-16,7,60.71,6,646.81,3,Basic,Books,0
720,2025-01-08,5,172.45,29,3080.77,0,Standard,Books,0
721,2024-01-14,45,97.15,8,1477.14,2,Standard,Clothing,0
722,2024-05-07,58,45.37,44,950.13,8,Basic,Books,0
723,2024-10-24,31,139.55,45,1960.78,3,Standard,Electronics,0
724,2024-03-14,23,58.9,43,4027.08,4,Premium,Clothing,0
725,2024-06-03,42,37.56,44,2021.26,6,Standard,Electronics,0
726,2024-08-20,10,175.16,33,3778.77,4,Standard,Home & Garden,0
727,2024-09-04,32,102.83,17,714.88,3,Premium,Electronics,0
728,2024-07-04,53,154.87,48,3886.58,1,Standard,Electronics,0
729,2024-10-02,30,72.31,11,1260.97,1,Basic,Clothing,0
730,2024-12-15,39,161.65,13,3419.23,3,Premium,Books,0
731,2024-10-17,31,40.15,50,2872.33,9,Basic,Electronics,0
732,2024-03-12,82,84.08,11,4652.81,9,Premium,Clothing,1
733,2024-08-13,2,196.05,31,1997.88,8,Basic,Home & Garden,0
734,2024-12-16,78,162.92,28,424.21,7,Basic,Clothing,0
735,2024-11-19,77,109.51,44,193.86,2,Standard,Clothing,0
736,2024-10-18,93,81.16,6,4151.61,8,Basic,Books,0
737,2024-07-04,12,176.98,41,2671.2,4,Standard,Electronics,0
738,2024-04-16,39,118.07,16,3898.7,2,Premium,Home & Garden,0
739,2024-04-23,66,156.52,4,1248.69,4,Basic,Clothing,0
740,2024-04-17,96,155.74,35,1790.91,9,Basic,Electronics,0
741,2024-11-15,13,23.23,48,247.51,3,Premium,Electronics,0
742,2024-01-15,46,42.73,26,4811.31,7,Premium,Clothing,1
743,2024-07-24,27,138.73,12,3372.55,4,Basic,Electronics,0
744,2024-12-25,17,49.09,11,4672.7,9,Premium,Clothing,0
745,2024-05-21,95,65.99,37,1400.93,7,Standard,Clothing,0
746,2025-01-01,98,190.39,25,3096.17,8,Premium,Clothing,0
747,2024-09-24,60,120.83,18,3424.65,3,Premium,Home & Garden,0
748,2024-02-01,64,155.13,19,1655.99,6,Basic,Clothing,1
749,2024-03-02,88,120.44,23,4255.74,1,Standard,Books,0
750,2024-06-22,35,119.45,38,4741.09,5,Premium,Electronics,0
751,2024-07-29,70,36.95,18,4435.79,7,Standard,Home & Garden,0
752,2024-04-01,83,81.86,26,3721.43,6,Standard,Electronics,0
753,2024-06-02,30,70.84,6,1459.58,6,Standard,Home & Garden,1
754,2024-04-03,71,90.33,4,1479.92,7,Basic,Books,1
755,2024-03-27,74,163.7,44,4820.47,6,Premium,Home & Garden,0
756,2024-01-10,96,86.95,51,150.39,4,Basic,Home & Garden,0
757,2024-02-29,98,101.31,29,3608.64,6,Premium,Home & Garden,0
758,2024-06-30,63,91.53,34,3560.61,9,Premium,Electronics,0
759,2024-08-01,28,36.81,17,3151.18,2,Basic,Clothing,0
760,2024-09-25,60,99.39,43,4951.53,4,Standard,Electronics,0
761,2024-10-23,79,55.21,43,1628.21,6,Standard,Clothing,0
762,2024-02-12,94,53.61,16,1765.86,8,Premium,Electronics,1
763,2024-12-22,37,36.93,2,486.8,1,Basic,Books,0
764,2024-04-13,93,84.2,34,2269.71,3,Standard,Books,0
765,2024-03-21,22,156.35,8,1379.14,6,Standard,Home & Garden,1
766,2024-02-17,68,69.76,13,1782.59,0,Premium,Books,0
767,2024-06-11,20,76.22,42,4189.4,1,Premium,Home & Garden,0
768,2024-09-15,96,135.68,8,4683.87,8,Basic,Clothing,0
769,2024-06-19,68,55.25,30,1010.09,9,Premium,Books,0
770,2024-05-06,91,181.45,32,1925.29,6,Standard,Clothing,0
771,2024-09-24,64,113.63,36,4650.29,9,Standard,Electronics,0
772,2024-11-10,17,100.57,47,402.86,6,Standard,Clothing,0
773,2024-10-03,12,120.41,30,552.57,5,Standard,Electronics,0
774,2024-03-03,22,49.89,1,897.68,2,Basic,Clothing,0
775,2024-09-01,17,130.43,43,3016.54,9,Basic,Clothing,0
776,2024-08-18,10,85.36,39,837.31,2,Premium,Books,0
777,2024-09-16,65,181.49,17,4843.57,1,Premium,Clothing,0
778,2024-11-17,22,50.39,20,2288.9,5,Premium,Books,0
779,2024-04-30,90,111.27,24,2557.44,3,Basic,Books,0
780,2024-09-20,82,127.66,50,1308.63,4,Standard,Home & Garden,0
781,2024-11-07,50,26.01,22,2407.71,2,Premium,Home & Garden,0
782,2024-08-03,14,85.46,29,3343.38,5,Standard,Electronics,0
783,2024-08-25,64,151.87,22,3780.77,2,Premium,Clothing,0
784,2024-12-15,47,167.67,44,3793.95,7,Premium,Electronics,0
785,2024-03-15,29,76.37,9,2931.67,8,Premium,Clothing,1
786,2024-03-24,76,163.75,37,4531.36,3,Premium,Home & Garden,0
787,2024-04-21,36,194.2,10,4105.3,8,Premium,Home & Garden,1
788,2024-07-19,99,174.24,36,3809.54,6,Standard,Clothing,0
789,2024-09-17,52,41.18,37,372.47,2,Premium,Clothing,0
790,2024-08-22,76,153.15,28,133.7,6,Standard,Home & Garden,0
791,2024-10-29,7,77.54,28,1140.99,0,Basic,Home & Garden,0
792,2024-11-10,29,197.91,42,3351.27,2,Premium,Electronics,0
793,2024-04-16,11,107.36,43,2114.87,5,Standard,Home & Garden,0
794,2024-12-12,33,42.04,21,2071.79,3,Basic,Clothing,0
795,2024-10-21,6,150.53,24,4434.48,6,Basic,Electronics,0
796,2024-12-09,79,78.14,42,4488.26,2,Basic,Clothing,0
797,2024-12-21,32,199.47,40,4554.96,0,Standard,Books,0
798,2024-11-12,51,196.36,2,1638.0,8,Premium,Electronics,0
799,2024-09-14,75,138.1,8,3486.17,5,Premium,Clothing,0
800,2024-06-23,58,43.37,48,1431.0,7,Standard,Home & Garden,0
801,2024-12-09,87,143.63,27,1033.99,2,Premium,Books,0
802,2024-02-08,26,36.75,22,1004.7,7,Standard,Clothing,1
803,2024-09-12,98,25.29,37,1776.33,1,Premium,Electronics,0
804,2024-04-24,46,168.13,27,2206.79,3,Basic,Clothing,0
805,2024-02-29,98,57.76,29,4171.65,2,Premium,Books,0
806,2024-03-30,29,88.22,3,687.47,9,Standard,Electronics,1
807,2024-05-21,4,195.22,44,3701.14,0,Standard,Books,0
808,2024-10-20,81,80.63,13,2704.13,6,Basic,Clothing,0
809,2024-05-26,99,73.37,45,1510.93,9,Standard,Home & Garden,0
810,2024-07-11,13,185.28,10,2514.82,1,Premium,Home & Garden,0
811,2024-12-04,39,39.93,36,1569.72,3,Premium,Clothing,0
812,2024-10-08,15,156.72,9,3020.8,8,Basic,Clothing,0
813,2024-12-14,29,197.85,27,2225.84,5,Standard,Clothing,0
814,2024-03-18,29,182.23,34,905.59,7,Basic,Electronics,0
815,2024-02-12,75,137.3,51,671.26,1,Premium,Books,0
816,2024-09-27,32,76.53,1,2778.81,6,Basic,Books,0
817,2024-03-02,2,65.78,32,4521.82,5,Standard,Books,0
818,2024-08-01,47,167.47,25,1785.39,8,Basic,Clothing,0
819,2024-05-14,78,178.37,29,3691.7,6,Standard,Books,0
820,2024-08-31,84,114.58,7,3327.44,0,Standard,Clothing,0
821,2024-02-21,22,63.98,49,4664.62,7,Premium,Electronics,0
822,2024-09-05,75,40.33,3,4122.81,9,Premium,Home & Garden,1
823,2024-04-29,27,35.69,20,2876.37,2,Premium,Clothing,0
824,2024-09-14,67,149.43,20,3319.45,1,Standard,Clothing,0
825,2024-06-08,81,95.62,30,4502.09,2,Basic,Home & Garden,0
826,2024-07-10,56,182.96,35,2057.64,5,Standard,Home & Garden,0
827,2024-12-10,92,153.14,35,1701.29,2,Premium,Electronics,0
828,2024-04-13,93,54.43,49,152.97,9,Premium,Books,0
829,2024-01-17,21,130.48,39,4150.1,4,Basic,Clothing,0
830,2025-01-03,47,98.39,27,4024.81,5,Premium,Books,0
831,2024-07-11,80,123.9,26,611.83,7,Premium,Clothing,0
832,2024-10-16,59,152.85,14,2926.6,6,Premium,Electronics,0
833,2024-07-22,84,165.12,17,2373.51,7,Basic,Home & Garden,0
834,2024-12-26,6,171.87,18,681.67,2,Standard,Electronics,0
835,2024-07-22,19,65.72,45,4904.78,3,Premium,Home & Garden,0
836,2024-06-12,57,25.6,29,1152.01,5,Basic,Books,0
837,2024-04-11,69,153.07,20,429.45,6,Premium,Books,0
838,2024-06-17,3,39.14,27,3014.75,8,Basic,Electronics,0
839,2024-03-10,1,76.69,18,3720.45,0,Premium,Home & Garden,0
840,2024-05-10,58,20.69,4,258.97,7,Basic,Electronics,1
841,2024-02-29,38,142.7,1,3327.72,7,Premium,Home & Garden,1
842,2024-10-12,15,50.08,50,2708.23,5,Standard,Home & Garden,0
843,2024-01-14,34,137.95,1,606.0,3,Premium,Books,1
844,2024-04-10,61,198.51,26,945.37,2,Basic,Books,0
845,2024-06-27,35,33.08,45,2883.07,2,Premium,Home & Garden,0
846,2024-11-21,64,33.87,20,1552.15,5,Standard,Home & Garden,0
847,2024-01-31,25,81.27,23,4697.75,7,Premium,Home & Garden,1
848,2024-11-30,24,175.95,10,4111.83,6,Basic,Books,0
849,2024-01-10,12,58.8,11,4919.48,0,Basic,Books,0
850,2024-05-21,18,84.87,41,1372.39,5,Standard,Clothing,0
851,2024-08-29,15,32.33,41,4851.65,6,Basic,Home & Garden,0
852,2024-01-21,80,157.37,5,2213.05,6,Premium,Clothing,1
853,2024-12-20,27,93.5,1,1802.84,8,Premium,Home & Garden,0
854,2024-02-24,72,156.66,17,346.71,9,Premium,Books,1
855,2024-02-12,60,182.65,22,358.55,4,Basic,Clothing,0
856,2024-03-27,46,61.9,34,3490.86,0,Premium,Clothing,0
857,2024-08-14,89,165.33,45,2343.85,1,Premium,Electronics,0
858,2024-11-05,17,30.64,41,1209.96,3,Premium,Home & Garden,0
859,2024-03-22,93,181.79,29,3108.45,4,Standard,Books,0
860,2024-10-17,53,137.14,4,1339.0,8,Basic,Electronics,0
861,2024-09-14,8,177.36,5,2930.4,0,Basic,Electronics,0
862,2024-02-25,79,20.03,11,1860.12,2,Basic,Home & Garden,0
863,2024-05-09,27,50.43,51,4135.41,4,Standard,Electronics,0
864,2024-08-10,46,90.16,21,4121.41,2,Basic,Home & Garden,0
865,2024-09-04,50,88.31,35,2439.02,3,Standard,Electronics,0
866,2024-03-05,71,60.81,12,1819.01,2,Standard,Home & Garden,0
867,2024-12-24,3,88.69,26,1876.54,3,Basic,Books,0
868,2024-04-25,93,43.19,51,4048.0,0,Premium,Home & Garden,0
869,2024-11-23,64,94.3,19,1708.08,7,Premium,Home & Garden,0
870,2024-02-26,44,164.42,45,1124.39,3,Basic,Clothing,0
871,2024-03-10,53,106.23,7,514.97,6,Basic,Books,1
872,2024-12-11,24,23.24,47,2386.8,1,Standard,Books,0
873,2024-02-04,60,95.86,7,2462.45,1,Basic,Books,0
874,2024-10-27,3,24.89,26,4220.45,5,Standard,Electronics,0
875,2024-09-22,20,193.92,40,1184.07,1,Basic,Clothing,0
876,2024-01-17,46,42.94,5,1966.86,5,Premium,Books,1
877,2024-05-01,15,147.38,21,4061.19,1,Premium,Electronics,0
878,2024-12-29,25,195.1,14,4135.76,3,Basic,Electronics,0
879,2024-09-18,94,168.69,4,1984.59,6,Standard,Electronics,0
880,2024-07-07,78,145.88,23,2349.71,7,Premium,Clothing,0
881,2024-08-03,71,171.1,42,1586.1,2,Standard,Electronics,0
882,2024-11-07,17,196.72,20,4669.52,8,Basic,Clothing,0
883,2024-05-15,84,131.84,15,681.35,1,Basic,Home & Garden,0
884,2024-03-05,9,120.65,50,4675.37,7,Premium,Electronics,0
885,2024-08-10,38,133.08,45,3450.95,7,Basic,Books,0
886,2024-01-23,48,115.88,29,2704.7,3,Premium,Electronics,0
887,2024-02-06,60,134.32,8,260.03,0,Standard,Home & Garden,0
888,2024-03-27,63,100.97,41,2430.42,0,Premium,Home & Garden,0
889,2024-08-12,86,59.32,48,2097.97,1,Premium,Electronics,0
890,2025-01-08,2,41.64,19,889.97,8,Standard,Home & Garden,0
891,2024-06-11,88,32.3,48,3316.41,1,Premium,Clothing,0
892,2024-01-23,72,67.4,39,4858.64,1,Premium,Clothing,0
893,2024-07-14,11,28.3,46,2854.73,5,Basic,Electronics,0
894,2024-11-16,64,122.09,28,3602.29,6,Standard,Clothing,0
895,2024-01-16,77,71.09,46,435.41,6,Premium,Clothing,0
896,2024-01-12,81,168.42,27,2146.57,8,Standard,Books,1
897,2024-04-29,72,33.36,4,670.16,5,Standard,Electronics,1
898,2024-09-03,21,60.74,15,3102.7,7,Premium,Home & Garden,0
899,2025-01-06,18,151.44,35,4698.56,5,Basic,Electronics,0
900,2024-09-04,94,127.79,37,3342.71,1,Standard,Clothing,0
901,2024-10-09,64,31.61,1,476.33,0,Premium,Books,0
902,2024-10-29,82,177.9,3,1837.86,4,Standard,Electronics,0
903,2024-08-23,95,177.91,47,2798.25,8,Basic,Electronics,0
904,2024-01-24,38,79.47,24,2075.72,7,Basic,Clothing,1
905,2024-07-19,32,81.27,27,4184.86,3,Basic,Clothing,0
906,2024-05-07,11,198.03,40,4091.89,4,Premium,Electronics,0
907,2024-02-06,45,132.71,36,3097.97,4,Premium,Clothing,0
908,2024-07-29,89,115.64,34,1929.94,5,Basic,Clothing,0
909,2024-02-17,33,170.87,29,1351.15,2,Premium,Clothing,0
910,2024-10-08,41,71.35,24,618.78,4,Basic,Clothing,0
911,2024-08-27,8,97.25,24,1839.0,1,Premium,Clothing,0
912,2024-04-04,11,68.2,42,2124.55,9,Basic,Books,0
913,2024-05-14,86,162.05,4,3411.53,0,Standard,Clothing,0
914,2024-11-04,51,123.2,3,3324.98,0,Basic,Home & Garden,0
915,2024-02-03,88,138.59,34,443.53,9,Basic,Electronics,1
916,2024-06-02,41,65.42,49,2036.77,6,Premium,Books,0
917,2024-01-22,17,59.64,23,990.72,1,Premium,Books,0
918,2024-08-08,76,107.91,23,868.38,3,Premium,Clothing,0
919,2024-02-03,46,152.76,45,4153.78,4,Premium,Electronics,0
920,2024-03-17,32,114.54,5,305.38,6,Premium,Home & Garden,1
921,2024-03-16,79,25.88,31,2154.0,1,Premium,Clothing,0
922,2024-08-29,80,176.34,41,924.2,5,Standard,Electronics,0
923,2024-04-27,54,31.64,6,4408.72,0,Basic,Clothing,0
924,2024-06-03,86,192.05,37,2829.5,6,Basic,Clothing,0
925,2024-04-29,92,24.53,10,1233.77,8,Basic,Clothing,1
926,2024-08-24,20,145.0,40,2561.89,4,Standard,Clothing,0
927,2024-04-29,33,34.8,7,3684.28,4,Basic,Clothing,0
928,2024-02-12,74,183.92,39,4794.78,3,Standard,Clothing,0
929,2024-04-29,40,103.6,38,1180.19,2,Standard,Clothing,0
930,2024-09-29,32,44.75,21,4442.29,8,Standard,Home & Garden,0
931,2024-09-01,97,81.35,20,4678.09,4,Basic,Books,0
932,2024-04-01,2,49.67,3,4590.46,7,Standard,Home & Garden,1
933,2024-02-20,97,50.7,51,3213.53,8,Basic,Clothing,0
934,2024-04-19,33,190.66,22,3186.12,4,Basic,Clothing,0
935,2024-01-15,77,100.14,47,2075.73,9,Premium,Home & Garden,0
936,2024-07-07,30,161.98,4,3786.75,8,Premium,Home & Garden,1
937,2024-10-17,33,135.13,28,2703.34,1,Standard,Books,0
938,2024-11-24,77,141.76,12,3419.45,8,Standard,Home & Garden,0
939,2024-08-22,26,43.7,38,2199.44,3,Basic,Books,0
940,2024-11-19,22,62.15,51,3684.33,5,Standard,Clothing,0
941,2025-01-08,66,161.62,36,4139.91,5,Standard,Electronics,0
942,2024-08-25,38,194.74,47,817.54,5,Basic,Electronics,0
943,2024-10-24,90,67.28,41,4181.36,1,Standard,Electronics,0
944,2024-06-07,46,68.88,5,2747.45,6,Standard,Electronics,1
945,2024-10-12,15,105.12,13,4238.86,5,Basic,Clothing,0
946,2024-07-25,98,197.09,23,2213.38,0,Basic,Electronics,0
947,2024-03-19,44,68.41,50,1957.3,1,Premium,Home & Garden,0
948,2024-04-30,49,93.25,30,4583.8,6,Basic,Home & Garden,0
949,2024-01-13,75,180.47,37,1330.73,0,Premium,Electronics,0
950,2024-12-24,61,20.53,25,4236.64,0,Standard,Home & Garden,0
951,2024-12-05,67,27.16,48,2471.7,0,Basic,Books,0
952,2024-11-22,6,128.73,27,2619.07,7,Basic,Clothing,0
953,2024-12-24,9,183.33,51,1611.49,3,Basic,Electronics,0
954,2024-04-13,6,62.99,14,2907.91,3,Standard,Electronics,0
955,2024-06-09,73,104.54,48,1693.53,1,Premium,Clothing,0
956,2024-11-15,95,101.08,47,292.42,0,Standard,Home & Garden,0
957,2024-05-25,32,105.13,36,1432.79,9,Standard,Clothing,0
958,2024-09-12,41,132.05,39,131.26,8,Basic,Clothing,0
959,2024-09-08,76,104.55,16,4893.94,6,Premium,Home & Garden,0
960,2024-02-09,8,100.54,22,4832.16,3,Standard,Clothing,0
961,2024-02-18,72,105.37,21,2036.26,5,Basic,Home & Garden,0
962,2024-08-25,50,126.36,21,3669.02,1,Standard,Home & Garden,0
963,2024-02-14,92,116.66,8,1794.45,6,Standard,Clothing,1
964,2024-08-19,62,173.74,49,3388.36,1,Basic,Books,0
965,2024-01-15,84,28.91,16,4046.61,9,Basic,Home & Garden,1
966,2024-11-26,62,170.0,31,4739.11,7,Premium,Clothing,0
967,2024-08-16,7,171.91,42,2061.04,7,Standard,Home & Garden,0
968,2024-03-24,75,71.28,10,3938.16,0,Basic,Books,0
969,2024-01-13,84,103.31,32,1403.05,7,Basic,Books,1
970,2024-12-09,80,98.94,34,4952.63,1,Premium,Electronics,0
971,2024-05-22,4,59.33,9,226.27,5,Premium,Home & Garden,0
972,2024-05-06,6,91.42,17,3057.29,0,Basic,Home & Garden,0
973,2024-04-12,58,27.99,11,3331.58,4,Premium,Clothing,0
974,2024-03-11,22,70.01,32,3471.42,6,Basic,Home & Garden,0
975,2024-07-21,26,167.0,10,689.9,9,Standard,Electronics,1
976,2024-12-09,3,71.22,22,4698.8,0,Premium,Books,0
977,2024-07-30,41,167.28,17,987.8,1,Standard,Books,0
978,2024-02-04,60,115.69,4,3151.49,6,Standard,Electronics,1
979,2024-06-30,14,178.38,48,1191.11,5,Standard,Home & Garden,0
980,2024-11-04,75,123.46,47,1605.36,2,Basic,Home & Garden,0
981,2024-05-21,82,25.34,25,2777.65,9,Standard,Electronics,1
982,2024-11-30,12,141.58,21,2144.25,1,Standard,Clothing,0
983,2024-05-06,87,28.07,37,885.11,9,Standard,Books,0
984,2024-11-28,12,101.11,38,937.59,3,Basic,Electronics,0
985,2024-10-10,13,187.3,49,2148.91,2,Standard,Electronics,0
986,2024-08-08,25,49.74,1,3810.69,6,Standard,Home & Garden,0
987,2024-08-21,45,90.18,25,4500.03,7,Premium,Books,0
988,2024-01-29,19,151.37,51,512.23,1,Basic,Home & Garden,0
989,2024-05-01,55,178.81,36,2026.21,9,Standard,Electronics,0
990,2024-05-28,45,140.77,17,591.2,6,Premium,Clothing,0
991,2024-02-25,8,66.47,41,181.3,7,Basic,Books,0
992,2024-01-10,93,141.43,24,3342.42,5,Basic,Electronics,0
993,2024-04-08,53,73.41,2,3052.0,5,Basic,Electronics,1
994,2024-05-30,55,149.32,40,898.79,9,Basic,Clothing,0
995,2024-11-24,32,191.73,15,1245.68,0,Basic,Electronics,0
996,2024-02-16,51,149.85,32,216.17,3,Basic,Electronics,0
997,2024-10-28,44,175.32,39,4191.24,0,Standard,Books,0
998,2024-05-27,82,20.38,6,4875.98,3,Standard,Books,0
999,2024-12-30,70,149.16,1,763.75,1,Standard,Books,0
1000,2024-12-07,18,169.33,47,1234.23,4,Standard,Home & Garden,0
